flavor,description,image,price,producer
Rio Parana Naranja,"Rio Parana Naranja to kompozycja yerba mate z delikatną nutką tropików. W składzie, oprócz suszu, znajduje się cierpka i gorzka skórka pomarańczy oraz kwaskowata trawa cytrynowa.",www.poyerbani.pl/pol_pl_Rio-Parana-Naranja-0-5-kg-10556_3.webp,23.99,Rio Parana
Verde Mate Green La Potente,Verde Mate Green La Potente to yerba mate pełna ziołowych dodatków. Doskonale pobudza i cechuje się wspaniałym głębokim smakiem.,www.poyerbani.pl/pol_pl_Verde-Mate-Green-La-Potente-0-5kg-4561_4.png,29.99,Verde Mate
Yaguar Amore 500 g – brazylijska yerba mate z owocami i ziołami  ,"Yaguar Amore 500 g łączy w sobie walory tradycyjnej yerba mate z ziołowo-owocowymi dodatkami naturalnego pochodzenia. Całość tworzy jedyny w swoim rodzaju miks, który zapewni doskonały efekt pobudzenia i wspaniałe wrażenia smakowe.",www.poyerbani.pl/pol_pl_Yaguar-Amore-500-g-0-5-kg-brazylijska-yerba-mate-z-owocami-i-ziolami-9274_5.png,24.90,Yaguar
Rio Parana Compuesta con Hierbas,"Rio Parana Compuesta con Hiebas to kompozycja bogata w aromatyczne, ziołowe dodatki. Na pierwszy plan wychodzi mięta pieprzowa, a wśród ziołowych smaków mieszają się nuty kwaskowate, orzeźwiające i lekko słodkie. ",www.poyerbani.pl/pol_pl_Rio-Parana-Compuesta-con-Hierbas-0-5-kg-10548_3.webp,23.99,Rio Parana
Rio Parana Energia,"Rio Parana Energia to yerba mate z dodatkiem pobudzającej guarany. Pochodzący z Ameryki Południowej owoc sprawia, że energetyzujący potencjał naparu jest jeszcze większy.",www.poyerbani.pl/pol_pl_Rio-Parana-Energia-0-5-kg-10553_3.webp,19.99,Rio Parana
Rio Parana Limon,"Rio Parana Limon to klasyczne połączenie yerba mate i cytryny, którą czuć już przy pierwszym otwarciu paczki",www.poyerbani.pl/pol_pl_Rio-Parana-Limon-0-5-kg-10555_3.webp,23.99,Rio Parana
Rio Parana Silueta,"Rio Parana Silueta jest jedną z najbogatszych w składniki propozycją marki. Argentyńskiej yerba mate towarzyszy bukiet ziołowych dodatków: trawa cytrynowa, zielona herbata gunpowder, czystek, mięta i boldo.",www.poyerbani.pl/pol_pl_Rio-Parana-Silueta-0-5-kg-10547_6.webp,19.12,Rio Parana
Verde Mate Green Frutos Tropicales,"Verde Mate Frutos Tropicales to niesamowicie aromatyczna, owocowa mieszanka yerba mate, dzięki której w mig przeniesiesz się na egzotyczną wyspę!",www.poyerbani.pl/pol_pl_Verde-Mate-Green-Frutos-Tropicales-0-5kg-4225_3.png,29.99,Verde Mate
Verde Mate Green Limon (cytrynowa),Verde Mate Green Limón 500 g to zielona brazylijska yerba mate o wspaniałym cytrynowym smaku. Jest świetna na zimno i na ciepło. Dobrze orzeźwia i doskonale pobudza!,www.poyerbani.pl/pol_pl_Verde-Mate-Green-Limon-cytrynowa-0-5kg-4008_4.jpg,29.99,Verde Mate
Verde Mate Green Summertime,"Verde Mate Green Summertime 500 g 0,5 kg to specjalna, limitowana na wakacyjny sezon wariacja popularnej brazylijskiej yerba mate. Kompozycja z miętą, skórką pomarańczy i olejkiem mandarynkowym doskonale pobudza. Będzie pyszna na zimno i na ciepło.",www.poyerbani.pl/pol_pl_Verde-Mate-Green-Summertime-0-5kg-8767_5.png,29.99,Verde Mate
Verde Mate Green Terere,"Verde Mate Green Terere 500 g to zielona brazylijska yerba mate z dodatkiem owoców. Unikalna kompozycja jest dedykowana spożywaniu na zimno, zapewniając doskonały efekt orzeźwienia. Oczywiście można ją pić również w ciepłej formie.",www.poyerbani.pl/pol_pl_Verde-Mate-Green-Terere-0-5kg-4024_2.png,29.99,Verde Mate
Yaguar Coconut ,"Jeśli jesteś fanem kokosów, to koniecznie musisz spróbować Yaguara Coconut! Smak i zapach idealnie oddają nazwę tej mieszanki. Przyjemny aromat kokosa wyczuwalny jest już przy pierwszym otwarciu paczki.",www.poyerbani.pl/pol_pl_Yaguar-Coconut-0-5-kg-9751_5.webp,24.90,Yaguar
Guarani Exotic Rain,"Guarani Exotic Rain to tropikalna propozycja smakowa paragwajskiej marki yerba mate – bogaty miks ostrokrzewu paragwajskiego i owocowych dodatków. Prezentuje się nieziemsko, a po zaparzeniu dosłownie przenosi na tropikalną wyspę!",www.poyerbani.pl/pol_pl_Guarani-Exotic-Rain-0-5-kg-10528_2.png,25.99,Guarani
Guarani Forest Berries,"Guarani Forest Berries to zaskakująca kompozycja paragwajskiej yerba mate. Za sprawą dodatku owoców jagodowych charakterystyczny, cierpki smak yerba mate płynnie przechodzi w przyjemnie owocową słodycz.",www.poyerbani.pl/pol_pl_Guarani-Forest-Berries-0-5-kg-11101_2.webp,25.99,Guarani
Guarani Fresco,"Guarani Fresco - jak sama nazwa wskazuje, jest to bardzo świeże, oryginalne połączenie paragwajskiej, suszonej dymem yerba mate i aromatycznych, mocno orzeźwiających ziół.",www.poyerbani.pl/pol_pl_Guarani-Fresco-0-5-kg-9854_5.png,25.99,Guarani
Guarani Mas Inteligente,"Guarani Mas Inteligente to dopracowana kompozycja yerba mate, dedykowana szczególnie osobom narażonym na wytężony wysiłek umysłowy. W jej składzie znajduje się m.in. guarana, która stanowi dodatkową porcję kofeiny.",www.poyerbani.pl/pol_pl_Guarani-Mas-Inteligente-0-5-kg-10529_2.png,25.99,Guarani
Guarani Wild Jungle,"Guarani Wild Jungle to bogate połączenie paragwajskiej yerba mate i zaskakujących, owocowo-ziołowych dodatków.",www.poyerbani.pl/pol_pl_Guarani-Wild-Jungle-0-5-kg-9850_5.png,25.99,Guarani
Verde Mate Green Radler,"Verde Mate Green Radler to kolejna yerba, obok Verde Mate Green IPA, inspirowana smakiem piwa. Tym razem inspiracją stały się popularne lekkie, orzeźwiające piwa z niską zawartością alkoholu, które idealnie sprawdzają się w upalne, letnie dni.",www.poyerbani.pl/pol_pl_Verde-Mate-Green-Radler-0-5-kg-9602_5.png,29.99,Verde Mate
Verde Mate Green Very Strawberry,"Verde Mate Green Very Strawberry 500 g 0.5 kg to owocowa yerba mate z Brazylii w doskonałej fuzji z aromatycznym i subtelnie słodkim owocem truskawki, trawą cytrynową oraz płatkami róży.",www.poyerbani.pl/pol_pl_Verde-Mate-Green-Very-Strawberry-0-5kg-8942_4.png,29.99,Verde Mate
Yaguar Berryland,"Yaguar Berryland to genialne połączenie smaku ostrokrzewu paragwajskiego i słodkich owoców - truskawki, czarnej porzeczki i maliny.",www.poyerbani.pl/pol_pl_Yaguar-Berryland-0-5kg-9627_4.webp,24.90,Yaguar
Yaguar Berryland 50g,"Yaguar Berryland to genialne połączenie smaku ostrokrzewu paragwajskiego i słodkich owoców - truskawki, czarnej porzeczki i maliny.",www.poyerbani.pl/pol_pl_Yaguar-Berryland-50g-9628_1.png,4.99,Yaguar
Yaguar Cherry Lady,"Yaguar Cherry Lady to nietypowe połączenie yerba mate i rooibosa, nazywanego potocznie czerwoną herbatą, z dodatkiem wiśni, kwiatów hibiskusa i imbiru.",www.poyerbani.pl/pol_pl_Yaguar-Cherry-Lady-0-5kg-9633_4.webp,24.90,Yaguar
Yaguar Cherry Lady 50g,"Yaguar Cherry Lady to nietypowe połączenie yerba mate i rooibosa, nazywanego potocznie czerwoną herbatą, z dodatkiem wiśni, kwiatów hibiskusa i imbiru.",www.poyerbani.pl/pol_pl_Yaguar-Cherry-Lady-50g-9635_1.png,4.99,Yaguar
Yaguar Citrus Bomb,"Yaguar Citrus Bomb to orzeźwiająca mieszanka brazylijskiej yerba mate i cytrusów - cytryny, pomarańczy i limonki.",www.poyerbani.pl/pol_pl_Yaguar-Citrus-Bomb-0-5kg-9630_4.webp,24.90,Yaguar
Yaguar Citrus Bomb 50g,"Yaguar Citrus Bomb to orzeźwiająca mieszanka brazylijskiej yerba mate i cytrusów - cytryny, pomarańczy i limonki.",www.poyerbani.pl/pol_pl_Yaguar-Citrus-Bomb-50g-9631_1.png,4.99,Yaguar
Yaguar Sangria 50 g,"Inspiracją do stworzenia yerba mate Yaguar Sangria był tradycyjny hiszpański poncz, łączący smak wina i owoców - słodki i mocno orzeźwiający, doskonały w upalne, letnie wieczory. ",www.poyerbani.pl/pol_pl_Yaguar-Sangria-50-g-9687_1.png,4.99,Yaguar
Yerbera – Puszka z Verde Mate Green Rosa ,"Verde Mate Green Rosa to aromatyczny dodatek, który zachwyci każdego wielbiciela nieoczywistych smaków. Tę mieszankę każdy odbierze inaczej - delikatnie słodkawy aromat uzupełnia goryczkę, tworząc przepiękną fuzję.",www.poyerbani.pl/pol_pl_Yerbera-Puszka-z-Verde-Mate-Green-Rosa-0-5kg-7473_2.png,49.99,Verde Mate
Yerbera – Puszka z Yaguar Berryland,"Yaguar Berryland to genialne połączenie smaku ostrokrzewu paragwajskiego i słodkich owoców - truskawki, czarnej porzeczki i maliny.",www.poyerbani.pl/pol_pl_Yerbera-Puszka-z-Yaguar-Berryland-0-5-kg-9629_1.png,49.99,Yaguar
Yerbera – Puszka z Yaguar Citrus Bomb,"Yaguar Citrus Bomb to orzeźwiająca mieszanka brazylijskiej yerba mate i cytrusów - cytryny, pomarańczy i limonki.",www.poyerbani.pl/pol_pl_Yerbera-Puszka-z-Yaguar-Citrus-Bomb-0-5-kg-9632_2.png,49.99,Yaguar
Yerbera – Puszka z Yaguar Sangria,"Inspiracją do stworzenia yerba mate Yaguar Sangria był tradycyjny hiszpański poncz, łączący smak wina i owoców - słodki i mocno orzeźwiający, doskonały w upalne, letnie wieczory. ",www.poyerbani.pl/pol_pl_Yerbera-Puszka-z-Yaguar-Sangria-0-5-kg-9688_11.png,49.99,Yaguar
Yerbera – Puszka z Yerba Mate Yaguar Cherry Lady ,"Yaguar Cherry Lady to nietypowe połączenie yerba mate i rooibosa, nazywanego potocznie czerwoną herbatą, z dodatkiem wiśni, kwiatów hibiskusa i imbiru.",www.poyerbani.pl/pol_pl_Yerbera-Puszka-z-Yerba-Mate-Yaguar-Cherry-Lady-0-5-kg-9634_3.png,49.99,Yaguar
Campesino Anis (anyżowa),"Yerba Mate Campesino Anís – anyżowa, paragwajska yerba. Oryginalne, niespotykane połączenie ostrokrzewu paragwajskiego ze słodkim anyżem – warto spróbować.",www.poyerbani.pl/pol_pl_Campesino-Anis-anyzowa-0-5kg-977_1.png,26.99,Campesino
Campesino Menta Limon (miętowo-cytrynowa),Yerba Mate miętowo cytrynowa – Campesino Menta Limon 500 g 0.5 kg. Idealne połącznie ostrokrzewu paragwajskiego z olejkiem miętowym i cytrynowym. Orzeźwia i pobudza.,www.poyerbani.pl/pol_pl_Campesino-Menta-Limon-mietowo-cytrynowa-0-5kg-992_1.png,25.42,Campesino
Campesino Refrescante,Yerba Mate Campesino Refrescante 500 g 0.5 kg to orzeźwiająca kompozycja yerba mate z liśćmi mięty oraz olejkiem miętowym. Świetnie pobudza i orzeźwia.,www.poyerbani.pl/pol_pl_Campesino-Refrescante-0-5kg-999_1.png,21.59,Campesino
CBSe Endulife Con Stevia,"CBSe Endulife con Stevia 0,5 kg 500 g to słodzona argentyńska yerba mate z dodatkiem stewii. Jest łagodna w smaku, wyważona i bogata w kofeinę. Dobrze pobudza. Polecana początkującym i zaawansowanym!",www.poyerbani.pl/pol_pl_CBSe-Endulife-Con-Stevia-0-5kg-1010_1.png,26.99,CBSé
CBSe Energia Guarana,Yerba Mate CBSé Energía Guarana to pobudzająca argentyńska yerba z guaraną. Ma łagodny owocowy smak i aromat. Zawiera mnóstwo kofeiny. Prawdziwy bestseller!,www.poyerbani.pl/pol_pl_CBSe-Energia-Guarana-0-5-kg-1016_1.jpg,27.99,CBSé
CBSe Frutos del Bosque (owoce lasu),"CBSé Frutos del Bosque 0,5 kg 500 g to argentyńska yerba mate o smaku owoców leśnych. Jest delikatna w smaku, wyważona i bogata w kofeinę. Dobrze pobudza. Polecana początkującym i zaawansowanym!",www.poyerbani.pl/pol_pl_CBSe-Frutos-del-Bosque-owoce-lasu-0-5kg-1020_2.png,26.99,CBSé
"CBSe Frutos Tropicales (mango, owoce tropikalne)","CBSé Frutos Tropicales 0,5 kg 500 g to argentyńska yerba mate o smaku owoców tropikalnych. Jest delikatna w smaku, wyważona i bogata w kofeinę. Dobrze pobudza. Polecana początkującym i zaawansowanym!",www.poyerbani.pl/pol_pl_CBSe-Frutos-Tropicales-mango-owoce-tropikalne-0-5kg-1025_2.png,26.99,CBSé
CBSe Hierbas Cuyanas,"CBSe Hierbas Cuyanas 0,5 kg 500 g to argentyńska yerba mate o smaku ziołowym. Jest łagodna w smaku, wyważona i bogata w kofeinę. Dobrze pobudza. Polecana początkującym i zaawansowanym!",www.poyerbani.pl/pol_pl_CBSe-Hierbas-Cuyanas-0-5kg-1007_1.webp,16.79,CBSé
CBSe Limon (cytrynowa),"Yerba Mate CBSé Limón 0,5 kg 500 g to smakowa argentyńska kompozycja. Ma orzeźwiający cytrynowy aromat i świetnie pobudza. Łagodna w smaku. Dla początkujących i zaawansowanych.",www.poyerbani.pl/pol_pl_CBSe-Limon-cytrynowa-0-5kg-1030_1.jpg,26.99,CBSé
CBSe Naranja (pomarańczowa),"CBSé Naranja 0,5 kg 500 g to argentyńska yerba mate o smaku pomarańczowym. Jest delikatna w smaku, lekko kwaskowa i orzeźwiająca. Dobrze pobudza. Polecamy!",www.poyerbani.pl/pol_pl_CBSe-Naranja-pomaranczowa-0-5kg-1036_1.jpg,26.99,CBSé
CBSe Pomelo 0.5kg (grejpfrut),"CBSé Pomelo 0,5 kg 500 g to argentyńska yerba mate o smaku grejpfruta. Jest delikatna w smaku, lekko kwaskowa i orzeźwiająca. Dobrze pobudza. Polecamy!",www.poyerbani.pl/pol_pl_CBSe-Pomelo-0-5kg-grejpfrut-1039_1.jpg,26.99,CBSé
CBSe Regulase Regularis 0.5kg,"CBSé Regulase Regularis 0,5 kg 500 g to argentyńska yerba mate z ziołowymi dodatkami. Jest delikatna w smaku i orzeźwiająca. Dobrze pobudza. Polecamy!",www.poyerbani.pl/pol_pl_CBSe-Regulase-Regularis-0-5kg-1042_1.jpg,26.99,CBSé
CBSe Silueta,"CBSé Silueta 0,5 kg 500 g to argentyńska yerba mate z ziołowymi dodatkami. Jest delikatna w smaku i orzeźwiająca. Dobrze pobudza. Polecamy!",www.poyerbani.pl/pol_pl_CBSe-Silueta-0-5kg-1045_1.jpg,26.99,CBSé
CBSe Silueta Naranja (pomarańczowa),"CBSe Silueta Naranja 0,5 kg 500 g to argentyńska yerba mate o smaku pomarańczowym. Cechuje się delikatnie orzeźwiającym smakiem i cytrusowym zapachem Doskonale pobudza. Polecamy!",www.poyerbani.pl/pol_pl_CBSe-Silueta-Naranja-pomaranczowa-0-5kg-1048_2.png,24.99,CBSé
Colon Compuesta con Stevia,Colón Compuesta con Stevia 500 g to paragwajska yerba mate wzbogacona o stewię. Jej subtelnie słodki smak doskonale współgra z goryczką tradycyjnej yerby.,www.poyerbani.pl/pol_pl_Colon-Compuesta-con-Stevia-0-5kg-4016_1.png,23.90,Colon
Guarani Ashwagandha Cactus,"Dzięki dodatkowi ashwagandhy i żeń-szenia Guarani Ashwagandha Cactus pobudza, jak na paragwajską yerba mate przystało, ale robi to w sposób zrównoważony i stonowany.",www.poyerbani.pl/pol_pl_Guarani-Ashwagandha-Cactus-0-5-kg-9763_1.webp,19.99,Guarani
Guarani Ashwagandha Cactus 50 g,"Dzięki dodatkowi ashwagandhy i żeń-szenia Guarani Ashwagandha Cactus pobudza, jak na paragwajską yerba mate przystało, ale robi to w sposób zrównoważony i stonowany.",www.poyerbani.pl/pol_pl_Guarani-Ashwagandha-Cactus-50-g-9765_1.png,4.99,Guarani
Guarani Boldo Menta,Guarani Boldo Menta to jeden z bardzo popularnych w Ameryce Południowej rodzajów połączeń składników. Dymna i gorzka yerba mate została uzupełniona orzeźwiającą miętą i delikatnym boldo.,www.poyerbani.pl/pol_pl_Guarani-Boldo-Menta-0-5kg-5104_2.webp,19.90,Guarani
Guarani Boldo Menta 50g,Guarani Boldo Menta to jeden z bardzo popularnych w Ameryce Południowej rodzajów połączeń składników. Dymna i gorzka yerba mate została uzupełniona orzeźwiającą miętą i delikatnym boldo.,www.poyerbani.pl/pol_pl_Guarani-Boldo-Menta-50g-5542_4.png,4.99,Guarani
Guarani Cocoa,Guarani Cocoa to obowiązkowa propozycja dla fanów kokosów i czekolady - czuć je wyraźnie już przy pierwszym otworzeniu opakowania yerba mate!,www.poyerbani.pl/pol_pl_Guarani-Cocoa-0-5-kg-9755_6.webp,25.99,Guarani
Guarani Cocoa 50 g,"Guarani Cocoa to perfekcyjne połączenie mocnej, dymnej paragwajskiej yerba mate, gorzkiego kakao i wyrazistego w aromacie kokosa.",www.poyerbani.pl/pol_pl_Guarani-Cocoa-50-g-9757_1.png,4.99,Guarani
Guarani Eucalypto,"Guarani Eucalypto to mocno odświeżające, przyjemne połączenie paragwajskiej yerba mate i eukaliptusa.",www.poyerbani.pl/pol_pl_Guarani-Eucalypto-0-5-kg-9759_5.webp,25.99,Guarani
Guarani Eucalypto 50 g,"Guarani Eucalypto to mocno odświeżające, przyjemne połączenie paragwajskiej yerba mate i eukaliptusa.",www.poyerbani.pl/pol_pl_Guarani-Eucalypto-50-g-9761_1.png,4.99,Guarani
Guarani Exotic Rain 50 g,"Guarani Exotic Rain to tropikalna propozycja smakowa paragwajskiej marki yerba mate – bogaty miks ostrokrzewu paragwajskiego i owocowych dodatków. Prezentuje się nieziemsko, a po zaparzeniu dosłownie przenosi na tropikalną wyspę!",www.poyerbani.pl/pol_pl_Guarani-Exotic-Rain-50-g-10530_1.png,4.99,Guarani
Guarani Forest Berries 50 g,"Guarani Forest Berries to zaskakująca kompozycja paragwajskiej yerba mate. Za sprawą dodatku owoców jagodowych charakterystyczny, cierpki smak yerba mate płynnie przechodzi w przyjemnie owocową słodycz.",www.poyerbani.pl/pol_pl_Guarani-Forest-Berries-50-g-11103_1.webp,4.99,Guarani
Guarani Fresco 50 g,"Guarani Fresco - jak sama nazwa wskazuje, jest to bardzo świeże, oryginalne połączenie paragwajskiej, suszonej dymem yerba mate i aromatycznych, mocno orzeźwiających ziół.",www.poyerbani.pl/pol_pl_Guarani-Fresco-50-g-9856_1.png,4.99,Guarani
Guarani Katuava,Guarani Katuava to znakomita w smaku mieszanka ostrokrzewu paragwajskiego z katuavą.,www.poyerbani.pl/pol_pl_Guarani-Katuava-0-5kg-4606_3.webp,25.99,Guarani
Guarani Katuava 50g,unknown,www.poyerbani.pl/pol_pl_Guarani-Katuava-50g-5543_4.png,4.99,Guarani
Guarani Maracuya,"Guarani Maracuya to propozycja dla miłośników smakowej yerba mate. Dymne aromaty przeplatają się z egzotycznym posmakiem, co daje bardzo interesującą fuzję!",www.poyerbani.pl/pol_pl_Guarani-Maracuya-0-5kg-5103_5.webp,25.99,Guarani
Guarani Maracuya 50g,"Guarani Maracuya to propozycja dla miłośników smakowej yerba mate. Dymne aromaty przeplatają się z egzotycznym posmakiem, co daje bardzo interesującą fuzję!",www.poyerbani.pl/pol_pl_Guarani-Maracuya-50g-5544_4.png,4.99,Guarani
Guarani Mas Inteligente 50 g,"Guarani Mas Inteligente to dopracowana kompozycja yerba mate, dedykowana szczególnie osobom narażonym na wytężony wysiłek umysłowy. W jej składzie znajduje się m.in. guarana, która stanowi dodatkową porcję kofeiny.",www.poyerbani.pl/pol_pl_Guarani-Mas-Inteligente-50-g-10531_1.png,4.99,Guarani
Guarani Menta Limon (miętowo-cytrynowa),"Guarani Menta Limon to nawiązująca do tradycji, mocno orzeźwiająca yerba mate. Głęboki smak przeplata się z interesującym aromatem mięty i cytryny.",www.poyerbani.pl/pol_pl_Guarani-Menta-Limon-mietowo-cytrynowa-0-5kg-4605_4.webp,25.99,Guarani
Guarani Menta Limon 50g,"Guarani Menta Limon to nawiązująca do tradycji, mocno orzeźwiająca yerba mate. Głęboki smak przeplata się z interesującym aromatem mięty i cytryny.",www.poyerbani.pl/pol_pl_Guarani-Menta-Limon-50g-5545_4.png,4.99,Guarani
Guarani Naranja,"Guarani Naranja to doskonałe połączenie pylastej, mocnej yerba mate z orzeźwiającą pomarańczą.",www.poyerbani.pl/pol_pl_Guarani-Naranja-0-5kg-7561_2.webp,25.99,Guarani
Guarani Naranja 50g,"Guarani Naranja to doskonałe połączenie pylastej, mocnej yerba mate z orzeźwiającą pomarańczą.",www.poyerbani.pl/pol_pl_Guarani-Naranja-50g-7564_4.png,4.99,Guarani
Guarani Wild Jungle 50 g,"Guarani Wild Jungle to bogate połączenie paragwajskiej yerba mate i zaskakujących, owocowo-ziołowych dodatków.",www.poyerbani.pl/pol_pl_Guarani-Wild-Jungle-50-g-9852_1.png,4.99,Guarani
Indega Compuesta Menta Boldo,"Indega Compuesta Menta Boldo 500 g 0,5 kg to paragwajska yerba z naturalnymi dodatkami mięty pieprzowej oraz boldo. Idealna ziołowa mieszana yerba mate.",www.poyerbani.pl/pol_pl_Indega-Compuesta-Menta-Boldo-0-5kg-882_1.png,26.90,Indega S.A.
Indega Fresca,"Indega Fresca 0,5 kg 500 g to paragwajska yerba mate z dodatkiem ziół. Wyrazisty goryczkowy smak świetnie łączy się z orzeźwiającymi dodatkami. Całość doskonale pobudza. Spróbuj!",www.poyerbani.pl/pol_pl_Indega-Fresca-0-5kg-1200_1.png,24.90,Indega S.A.
Indega Kuna Guapa,"Indega Kuna Guapa to paragwajska, pylasta yerba mate połączona została w zaskakującą ziołowo-owocową mieszankę.",www.poyerbani.pl/pol_pl_Indega-Kuna-Guapa-0-5kg-9493_1.png,19.99,Indega S.A.
Kurupi Anis (anyżowa),"Kurupi Anis to paragwajska propozycja suszu mocnego w smaku i o wyrazistym aromacie połączonego z anyżem, który nadaje mu delikatnie słodkawego, korzennego zapachu.",www.poyerbani.pl/pol_pl_Kurupi-Anis-anyzowa-0-5kg-4607_1.png,27.99,Kurupi
Kurupi Katuava Especial,Kurupi Katuava y Burrito 500 g to paragwajska yerba mate z dodatkiem kory catuaby oraz zioła burrito. Ziołowy aromat równoważy goryczkę. Doskonale pobudza. Spróbuj!,www.poyerbani.pl/pol_pl_Kurupi-Katuava-Especial-0-5kg-1234_1.png,27.99,Kurupi
Kurupi Yorador Citrus (cytrusowa),Kurupi Citrus to doskonałe połączenie naturalnych walorów yerba mate z cytrusową świeżością. Yerba adresowana do wielbicieli naturalnie owocowych smaków. Doskonałej jakości susz od uznanego producenta.,www.poyerbani.pl/pol_pl_Kurupi-Yorador-Citrus-cytrusowa-0-5kg-4221_2.png,27.99,Kurupi
Pajarito Menta Limon (miętowo-cytrynowa),"Pajarito Menta Limón 0,5 kg 500 g to yerba mate z Paragwaju o smaku miętowo-cytrynowym. Całość doskonale orzeźwia i dobrze pobudza. Polecamy!",www.poyerbani.pl/pol_pl_Pajarito-Menta-Limon-mietowo-cytrynowa-0-5kg-1330_1.png,29.90,Pajarito
Pajarito waniliowe w saszetkach 20x3g,Pajarito waniliowe 20 x 3 g to paragwajska yerba mate w saszetkach. Każda torebka herbaciana zawiera 3 g suszu wzbogaconego o aromat wanilii. Gorąco polecamy!,www.poyerbani.pl/pol_pl_Pajarito-waniliowe-w-saszetkach-20x3g-2262_1.png,11.90,Pajarito
Ruvicha Chia 500 g,"Ruvicha Chia - mocna w smaku, dymna w aromacie, z 100 % naturalnymi dodatkami: nasionami chia, miętą i boldo.",www.poyerbani.pl/pol_pl_Ruvicha-Chia-500-g-9880_1.png,25.99,Ruvicha
Ruvicha Energia Guarana 500 g,"Ruvicha Energia Guarana - mocno energetyzujące połączenie suszonej dymem, intensywnej, goryczkowej yerba mate i nieco cierpkiej, a jednocześnie lekko słodkawej guarany. Każdy łyk naparu to niesamowita mieszanka smaków i zastrzyk energii.",www.poyerbani.pl/pol_pl_Ruvicha-Energia-Guarana-500-g-10342_1.png,29.90,Ruvicha
Ruvicha Pantanal 500 g,"Ruvicha Pantanal - przyjemne, odświeżające połączenie dymnej, paragwajskiej yerba mate, z aromatyczną miętą i boldo, cytrusową werbeną oraz ziołowym koprem włoskim.",www.poyerbani.pl/pol_pl_Ruvicha-Pantanal-500-g-9881_1.png,25.99,Ruvicha
Ruvicha Relajante 500 g,"Ruvicha Relajante - przyjemna w smaku i aromacie kompozycja powstała z połączenia dymnej, paragwajskiej yerba mate i aromatycznych ziół: lipy, słodkawo-korzennego anyżu i łagodnego rumianku.",www.poyerbani.pl/pol_pl_Ruvicha-Relajante-500-g-9882_1.png,25.99,Ruvicha
Ruvicha Rustica 500 g,"Ruvicha Rustica to klasyczna, paragwajska yerba mate - mocna w smaku, dymna w aromacie. Wraz ze świeżością ostrokrzewu, wyraźnie czuć wędzone nuty. Drobno zmielony susz bez dodatków, za to z dużą ilością pyłu.",www.poyerbani.pl/pol_pl_Ruvicha-Rustica-500-g-9879_1.png,25.99,Ruvicha
Ruvicha Silvestre 500 g,"Ruvicha Silvestre mimo klasycznej formy, wyróżnia się wytrawnymi, drzewiasto-palonymi nutami w smaku, które docenią wprawieni, zaznajomieni z mocnym smakiem paragwajskiej yerby mateiści.",www.poyerbani.pl/pol_pl_Ruvicha-Silvestre-500-g-9878_2.png,25.99,Ruvicha
Selecta Acerola Y Vitamina C,"Selecta Acerola y Vitamina C 500 g 0,5 kg to tradycyjnie dymna paragwajska yerba z dodatkiem aromatu aceroli, tropikalnego owocu przypominającego wiśnie. Okazuje się, że jej cierpki smak doskonale łączy się z wytrawnym charakterem yerba mate. ",www.poyerbani.pl/pol_pl_Selecta-Acerola-Y-Vitamina-C-0-5kg-8368_2.png,22.99,Selecta
 Selecta Albaricoque Morela,Selecta Albaricoque Apricot to wzbogacona smakiem moreli fantastyczna mieszanka od jednej z najsłynniejszych marek yerba mate na świecie.,www.poyerbani.pl/pol_pl_-Selecta-Albaricoque-Morela-0-5kg-9485_1.png,16.09,Selecta
"Selecta Jengibre, Limón Y Miel","Selecta Jengibre, Limón Y Miel łączy w sobie smak tradycyjnej paragwajskiej yerba mate oraz cytryny, miodu i imbiru. Nietypowa, lecz bardzo harmonijna i dopracowana kompozycja doskonale rozgrzewa. Ponadto, jest świetnym źródłem naturalnej kofeiny.",www.poyerbani.pl/pol_pl_Selecta-Jengibre-Limon-Y-Miel-0-5kg-8365_2.png,16.09,Selecta
Selecta Limon y Cedron (cytryna i werbena),Selecta Limón y Cedrón 500 g 0.5 kg to paragwajska yerba mate z cytryną i werbeną cytrynową. Kwaskowy i delikatnie orzeźwiający smak dodatków tworzy subtelną całość z goryczkowym smakiem suszu. Polecamy!,www.poyerbani.pl/pol_pl_Selecta-Limon-y-Cedron-cytryna-i-werbena-0-5kg-2998_1.png,22.99,Selecta
Selecta Manzana Verde,Selecta Manzana Verde to nic innego jak fuzja klasycznie dymnej paragwajskiej yerba mate i smaku jabłka. Produkt cechuje się doskonałym potencjałem pobudzającym. Przypadnie do gustu miłośnikom mocnych yerba mate o orzeźwiającym owocowym smaku.,www.poyerbani.pl/pol_pl_Selecta-Manzana-Verde-0-5kg-8366_2.png,16.09,Selecta
 Selecta Maracuya,"Selecta Maracuya - pochodząca prosto z Paragwaju, egzotyczna mieszanka yerba mate z dodatkiem intrygującej marakui. ",www.poyerbani.pl/pol_pl_-Selecta-Maracuya-0-5kg-9486_1.png,22.99,Selecta
 Selecta Naranja,"Selecta Naranja - wzbogacona smakiem orzeźwiającej pomarańczy, o bardzo intensywnym i przyjemnym zapachu.",www.poyerbani.pl/pol_pl_-Selecta-Naranja-0-5kg-9487_1.png,22.99,Selecta
Taragui Citricos del Litoral (cytrusowa),Taragüi Cítricos de Litoral 500 g to argentyńska yerba mate cenionej marki z dodatkiem owoców cytrusowych. Jej delikatnie cierpki smak doskonale współgra z goryczką ostrokrzewu paragwajskiego.,www.poyerbani.pl/pol_pl_Taragui-Citricos-del-Litoral-cytrusowa-0-5kg-3363_1.png,19.90,Taragui
Taragui Maracuya Tropical (marakuja) ,"Taragüi Maracuya Tropical 0,5 kg 500 g to argentyńska yerba mate o smaku owocu marakui. Doskonale pobudza, jest świetna na zimno i na ciepło. Polecamy!",www.poyerbani.pl/pol_pl_Taragui-Maracuya-Tropical-marakuja-0-5kg-1509_1.png,18.13,Taragui
Taragui Naranja de Oriente (pomarańczowa) ,"Taragüi Naranja de Oriente to argentyńska yerba mate znanego producenta o smaku pomarańczowym. Cechuje się orzeźwiającym, delikatnie kwaskowym smakiem i dużą zawartością kofeiny.",www.poyerbani.pl/pol_pl_Taragui-Naranja-de-Oriente-pomaranczowa-0-5kg-2865_1.png,18.13,Taragui
Verde Mate Cannabis Absinth,"Verde Mate Cannabis Absinth 500 g 0,5 kg to wyjątkowe połączenie yerba mate z konopią i piołunem! Rześka i pobudzająca, wyjątkowa w smaku. Spróbuj!",www.poyerbani.pl/pol_pl_Verde-Mate-Cannabis-Absinth-0-5kg-7938_4.png,29.99,Verde Mate
Verde Mate Frutos del Bosque 50g,Verde Mate Frutos del Bosque to połączenie aromatycznej yerba mate ze słodkawymi i kwaskowatymi owocami z europejskich lasów. Spróbuj koniecznie!,www.poyerbani.pl/pol_pl_Verde-Mate-Frutos-del-Bosque-50g-4505_4.png,4.99,Verde Mate
Verde Mate Green Ananas,"Verde Mate Green Ananas 0,5 kg 500 g to owocowa yerba mate z ananasem i trawą cytrynową. Doskonale pobudza i orzeźwia. Jest świetna zarówno w ciepłej formie, jak i na zimno. ",www.poyerbani.pl/pol_pl_Verde-Mate-Green-Ananas-0-5kg-8785_4.png,29.99,Verde Mate
Verde Mate Green Cactus (kaktusowa),"Verde Mate Cactus de Juarez 0,5 kg 500 g to propozycja, dzięki której poczujesz się jak w kolorowym, egzotycznym kraju!",www.poyerbani.pl/pol_pl_Verde-Mate-Green-Cactus-kaktusowa-0-5kg-4228_6.png,29.99,Verde Mate
Verde Mate Green Carmella - Tostada,"Verde Mate Green Carmella Tostada 500 g 0,5 kg to jedyna w swoim rodzaju karmelowa yerba mate cenionego brazylijskiego plantatora. Bazuje na prażonym suszu ostrokrzewu z dodatkiem chipsów kokosowych i naturalnego aromatu karmelu. ",www.poyerbani.pl/pol_pl_Verde-Mate-Green-Carmella-Tostada-0-5kg-8701_4.png,29.99,Verde Mate
Verde Mate Green Carmella - Tostada 50 g ,Verde Mate Green Carmella Tostada 50 g to jedyna w swoim rodzaju karmelowa yerba mate cenionego brazylijskiego plantatora. Bazuje na prażonym suszu ostrokrzewu z dodatkiem chipsów kokosowych i naturalnego aromatu karmelu. ,www.poyerbani.pl/pol_pl_Verde-Mate-Green-Carmella-Tostada-50-g-8702_1.png,4.99,Verde Mate
Verde Mate Green Dragon,Verde Mate Green Dragon 500 g to soczyście zielona brazylijska yerba mate o smaku egzotycznej pitai. Kompozycja bazuje na najwyższej jakości ostrokrzewie paragwajskim bez patyczków oraz przebogatej palecie naturalnych dodatków. ,www.poyerbani.pl/pol_pl_Verde-Mate-Green-Dragon-0-5kg-8678_5.png,29.99,Verde Mate
Verde Mate Green Dragon 50g,Verde Mate Green Dragon 50 g to soczyście zielona brazylijska yerba mate o smaku egzotycznej pitai. Kompozycja bazuje na najwyższej jakości ostrokrzewie paragwajskim bez patyczków oraz przebogatej palecie naturalnych dodatków. ,www.poyerbani.pl/pol_pl_Verde-Mate-Green-Dragon-50g-8679_1.png,4.99,Verde Mate
Verde Mate Green Dulcessa - Tostada,"Verde Mate Green Dulcessa to pozycja obowiązkowa dla wszystkich łasuchów i miłośników czekolady. W składzie tej wariacji znajdziemy duże płatki aż trzech rodzajów czekolady: białej, mlecznej i gorzkiej. Wtórują im duże chipsy kokosowe i płatki migdałów.",www.poyerbani.pl/pol_pl_Verde-Mate-Green-Dulcessa-Tostada-0-5-kg-10318_4.webp,29.99,Verde Mate
Verde Mate Green Dulcessa - Tostada 50 g ,"Verde Mate Green Dulcessa to pozycja obowiązkowa dla wszystkich łasuchów i miłośników czekolady. W składzie tej wariacji znajdziemy duże płatki aż trzech rodzajów czekolady: białej, mlecznej i gorzkiej. Wtórują im duże chipsy kokosowe i płatki migdałów.",www.poyerbani.pl/pol_pl_Verde-Mate-Green-Dulcessa-Tostada-50-g-10319_4.webp,4.99,Verde Mate
Verde Mate Green Flores 50 g,"Verde Mate Green Flores to iście wiosenna propozycja popularnej brazylijskiej marki. Grubo cięta, zielona yerba mate występuje tu w bogatym, wielobarwnym bukiecie kwiatów i smakowitych owoców.",www.poyerbani.pl/pol_pl_Verde-Mate-Green-Flores-50-g-9608_1.png,4.99,Verde Mate
Verde Mate Green Fresa,"Verde Mate Green Fresa to prawdziwie rewolucyjny produkt, jeśli chodzi o smakowe yerba mate! Truskawkowy smak i aromat to coś, czemu chyba żaden mateista się nie oprze!",www.poyerbani.pl/pol_pl_Verde-Mate-Green-Fresa-0-5kg-7575_4.png,29.99,Verde Mate
Verde Mate Green Fresa 50g,"Verde Mate Green Fresa to aromatyczne połączenie ostrokrzewu paragwajskiego z soczystą truskawką - znakomity zapach i głęboki smak to coś, co zapewni doskonałe doznania.",www.poyerbani.pl/pol_pl_Verde-Mate-Green-Fresa-50g-7574_4.png,4.99,Verde Mate
Verde Mate Green Frutos del Bosque,Verde Mate Frutos del Bosque to połączenie aromatycznej yerba mate ze słodkawymi i kwaskowatymi owocami z europejskich lasów. Spróbuj koniecznie!,www.poyerbani.pl/pol_pl_Verde-Mate-Green-Frutos-del-Bosque-0-5kg-4480_4.png,29.99,Verde Mate
Verde Mate Green Fuerte 50g,"Verde Mate Green Fuerte to jedna z najbardziej zróżnicowanych i najbogatszych w naturalne dodatki yerba mate. Składa się z zielonej yerba mate pozbawionej patyczków. Pozostałe składniki to wyważony miks owoców, ziół i naturalnych aromatów. ",www.poyerbani.pl/pol_pl_Verde-Mate-Green-Fuerte-50g-8537_5.png,4.99,Verde Mate
Verde Mate Green Hangover,"Verde Mate Green Hangover to odpowiedź na ciężkie poranki. Będziesz zachwycony doskonale dobranym połączeniem brazylijskiej yerba mate i naturalnych dodatków. Znajdziesz tu m.in. guaranę, acerolę, jagody goji i zioła.",www.poyerbani.pl/pol_pl_Verde-Mate-Green-Hangover-0-5-kg-10321_1.webp,29.99,Verde Mate
Verde Mate Green Hangover 50 g,"Verde Mate Green Hangover to odpowiedź na ciężkie poranki. Będziesz zachwycony doskonale dobranym połączeniem brazylijskiej yerba mate i naturalnych dodatków. Znajdziesz tu m.in. guaranę, acerolę, jagody goji i zioła.",www.poyerbani.pl/pol_pl_Verde-Mate-Green-Hangover-50-g-10322_4.webp,4.99,Verde Mate
Verde Mate Green IPA,"Verde Mate Green IPA 500 g to nowa wariacja cenionej brazylijskiej yerba mate inspirowana smakiem... piwa! Poza ostrokrzewem paragwajskim, kompozycja zawiera miętę, głóg, trawę cytrynową oraz nagietek.",www.poyerbani.pl/pol_pl_Verde-Mate-Green-IPA-0-5-kg-9228_4.png,29.99,Verde Mate
Verde Mate Green Jager,"Verde Mate Green Jager 500 g to wyjątkowa kompozycja brazylijskiej yerba mate i naturalnych dodatków, która powstała z inspiracji popularnymi ziołowymi nalewkami o charakterystycznym rześkim smaku ze słodkawo-korzenną nutą. ",www.poyerbani.pl/pol_pl_Verde-Mate-Green-Jager-0-5-kg-9011_1.webp,21.99,Verde Mate
Verde Mate Green Melocoton 50g,"Verde Mate Green Melocoton - zielona yerba mate prosto z brazylijskiego lasu tropikalnego! Z ziołowo-owocowymi dodatkami: aronią, trawą cytrynową, płatkami bławatka, liściem morwy, liściem jeżyny oraz naturalnymi aromatami jeżyny i brzoskwini.",www.poyerbani.pl/pol_pl_Verde-Mate-Green-Melocoton-50g-9465_1.png,4.99,Verde Mate
Verde Mate Green Melón de Agua,"Verde Mate Green Melón de Agua to pyszne i aromatyczne połączenie, przywodzące na myśl soczysty arbuz! ",www.poyerbani.pl/pol_pl_Verde-Mate-Green-Melon-de-Agua-0-5kg-7918_4.png,29.99,Verde Mate
Verde Mate Green Menta Limon,Verde Mate Menta Limón 500 g to gwarancja najlepszego orzeźwienia. Pobudzi zmysły dodając prawdziwej chęci do życia i działania! ,www.poyerbani.pl/pol_pl_Verde-Mate-Green-Menta-Limon-0-5kg-4479_4.png,29.99,Verde Mate
Verde Mate Green Naranja Tropico,Verde Mate Green Naranja Trópico 500 g to zielona brazylijska yerba mate z dodatkiem pomarańczy. Zapewnia doskonały efekt pobudzenia w subtelnej oprawie smakowej o kwaskowo-orzeźwiajacej nucie.,www.poyerbani.pl/pol_pl_Verde-Mate-Green-Naranja-Tropico-0-5kg-4130_4.png,29.99,Verde Mate
Verde Mate Green Naranja Tropico 50g,Verde Mate Green Naranja Tropico 50 g to zielona brazylijska yerba mate z dodatkiem pomarańczy. Zapewnia doskonały efekt pobudzenia w subtelnej oprawie smakowej o kwaskowo-orzeźwiajacej nucie.,www.poyerbani.pl/pol_pl_Verde-Mate-Green-Naranja-Tropico-50g-4149_4.png,4.99,Verde Mate
Verde Mate Green Pomelo De Oriente,Verde Mate Green Pomelo de Oriente 500 g to zielona brazylijska yerba mate z dodatkiem owocu pomelo. Zapewnia doskonały efekt pobudzenia w subtelnej oprawie smakowej bez nuty goryczy.,www.poyerbani.pl/pol_pl_Verde-Mate-Green-Pomelo-De-Oriente-0-5kg-4131_2.png,29.99,Verde Mate
Verde Mate Green Raspberry Vitality,"Verde Mate Green Raspberry Vitality to idealna propozycja na jesienno-zimową porę. Zielona yerba mate połączona została z dużą dawką pełnych słońca owoców, które dodają energii i witalności w chłodniejszy czas.",www.poyerbani.pl/pol_pl_Verde-Mate-Green-Raspberry-Vitality-0-5-kg-10145_1.webp,29.99,Verde Mate
Verde Mate Green Raspberry Vitality 50 g,"Verde Mate Green Raspberry Vitality to idealna propozycja na jesienno-zimową porę. Zielona yerba mate połączona została z dużą dawką pełnych słońca owoców, które dodają energii i witalności w chłodniejszy czas.",www.poyerbani.pl/pol_pl_Verde-Mate-Green-Raspberry-Vitality-50-g-10150_1.webp,4.99,Verde Mate
Verde Mate Green Regulase,"Verde Mate Regulase 0,5 kg 500 g to mieszanka stworzona z myślą o miłośnikach mieszanek ziołowych. ",www.poyerbani.pl/pol_pl_Verde-Mate-Green-Regulase-0-5kg-4481_1.png,29.99,Verde Mate
Verde Mate Green Verano,Verde Mate Green Verano 500 g 0.5 kg to wariacja popularnej yerba mate znanego brazylijskiego plantatora. Zielona yerba mate o dużej zawartości kofeiny i łagodnych walorach smakowych została wzbogacona o aromatyczne naturalne dodatki.,www.poyerbani.pl/pol_pl_Verde-Mate-Green-Verano-0-5kg-8781_4.png,29.99,Verde Mate
Verde Mate Green Very Strawberry 50g,"Verde Mate Green Very Strawberry 50 g to owocowa yerba mate z Brazylii w doskonałej fuzji z aromatycznym i subtelnie słodkim owocem truskawki, trawą cytrynową oraz płatkami róży.",www.poyerbani.pl/pol_pl_Verde-Mate-Green-Very-Strawberry-50g-8944_1.png,4.99,Verde Mate
Verde Mate Limon 50g,Verde Mate Green Limón 50 g to zielona brazylijska yerba mate o wspaniałym cytrynowym smaku. Jest świetna na zimno i na ciepło. Dobrze orzeźwia i doskonale pobudza!,www.poyerbani.pl/pol_pl_Verde-Mate-Limon-50g-4014_4.png,4.99,Verde Mate
Verde Mate Mas IQ 50g,Verde Mate Mas IQ to kompozycja ostrokrzewu paragwajskiego i składników nadających jej delikatnie owocowy smak. Nie brakuje w niej także pożytecznych dodatków! Warto spróbować!,www.poyerbani.pl/pol_pl_Verde-Mate-Mas-IQ-50g-4242_4.png,4.99,Verde Mate
Verde Mate Mas IQ Tropical 50g,"Verde Mate Green Más IQ Tropical to zupełnie nowa odsłona popularnej mieszanki Verde Mate Green Más IQ. Zmysłowe połączenie yerba mate, ziół i owoców uzupełnione podwójną porcją słodkiego ananasa i orzeźwiającą skórką cytryny i tropikalną papają. ",www.poyerbani.pl/pol_pl_Verde-Mate-Mas-IQ-Tropical-50g-9601_5.png,4.99,Verde Mate
Verde Mate Pina Colada 50 g,"Verde Mate Green Piña Colada zajmuje zaszczytne miejsce wśród mieszanek Verde Mate inspirowanych alkoholami. Tym razem inspiracją stał się słynny słodki, owocowo-alkoholowy koktajl, pochodzący z gorących karaibów.",www.poyerbani.pl/pol_pl_Verde-Mate-Pina-Colada-50-g-9692_1.png,4.99,Verde Mate
Verde Mate Regulase 50g,Verde Mate Regulase 50g to mieszanka stworzona z myślą o miłośnikach ziołowych yerba mate. ,www.poyerbani.pl/pol_pl_Verde-Mate-Regulase-50g-4503_4.png,4.99,Verde Mate
Verde Mate Rosa 50g,Verde Mate Green Rosa 50 g to zielona brazylijska yerba mate z dodatkiem róży. Ma wspaniały delikatny aromat i zapewnia doskonały efekt pobudzenia.,www.poyerbani.pl/pol_pl_Verde-Mate-Rosa-50g-4082_4.png,4.99,Verde Mate
Yaguar Amore 50 g – brazylijska yerba mate z owocami i ziołami  ,"Yaguar Amore 50 g łączy w sobie walory tradycyjnej yerba mate z ziołowo-owocowymi dodatkami naturalnego pochodzenia. Całość tworzy jedyny w swoim rodzaju miks, który zapewni doskonały efekt pobudzenia i wspaniałe wrażenia smakowe.",www.poyerbani.pl/pol_pl_Yaguar-Amore-50-g-brazylijska-yerba-mate-z-owocami-i-ziolami-9276_1.png,4.99,Yaguar
Yaguar Cannabis 0.5kg,"Yaguar Cannabis 0,5 kg 500 g to wariacja popularnej brazylijskiej yerba mate z... konopią. Dzięki doskonale dobranym naturalnym dodatkom i łagodnym, długo sezonowanym listkom ostrokrzewu paragwajskiego otrzymujemy jedyne w swoim rodzaju połączenie!",www.poyerbani.pl/pol_pl_Yaguar-Cannabis-0-5kg-8621_4.webp,24.90,Yaguar
Yaguar Cannabis 50g,"Yaguar Cannabis 50 g to wariacja popularnej brazylijskiej yerba mate z... konopią. Dzięki doskonale dobranym naturalnym dodatkom i łagodnym, długo sezonowanym listkom ostrokrzewu paragwajskiego otrzymujemy jedyne w swoim rodzaju połączenie!",www.poyerbani.pl/pol_pl_Yaguar-Cannabis-50g-8626_1.png,4.99,Yaguar
Yaguar Coconut 50 g,"Jeśli jesteś fanem kokosów, to koniecznie musisz spróbować Yaguara Coconut! Smak i zapach idealnie oddają nazwę tej mieszanki. Przyjemny aromat kokosa wyczuwalny jest już przy pierwszym otwarciu paczki.",www.poyerbani.pl/pol_pl_Yaguar-Coconut-50-g-9753_1.png,4.99,Yaguar
Yaguar Energia Guarana 50g,Yaguar Energia Guarana to brazylijska yerba mate uzupełniona dodatkiem guarany. Dymna goryczka przeplata się z interesującym i lekko orzeźwiającym posmakiem guarany.,www.poyerbani.pl/pol_pl_Yaguar-Energia-Guarana-50g-5896_4.png,4.99,Yaguar
Yaguar Fiesta 0.5kg,Yaguar Fiesta 500 g 0.5 kg to owocowa yerba mate z Brazylii pełna dodatków w doskonale dobranych proporcjach. Zawiera dużo kofeiny i cechuje się łagodnym smakiem. Idealna dla początkujących i zaawansowanych!,www.poyerbani.pl/pol_pl_Yaguar-Fiesta-0-5kg-8788_5.webp,19.99,Yaguar
Yaguar Fiesta 50g,Yaguar Fiesta 50 g to owocowa yerba mate z Brazylii pełna dodatków w doskonale dobranych proporcjach. Zawiera dużo kofeiny i cechuje się łagodnym smakiem. Idealna dla początkujących i zaawansowanych!,www.poyerbani.pl/pol_pl_Yaguar-Fiesta-50g-8790_1.png,4.99,Yaguar
Yaguar Frutas Bayas,"Niesamowicie aromatyczna yerba mate, która łączy w sobie słodkie i kwaskowate nuty. Doskonale pobudza. W skład yerba mate wchodzą: truskawka, płatki róży, mięta, trawa cytrynowa, naturalne aromaty owoców jagodowych. Gorąco polecamy!",www.poyerbani.pl/pol_pl_Yaguar-Frutas-Bayas-0-5kg-7895_3.webp,24.90,Yaguar
Yaguar Frutas Bayas 50g,"To niesamowicie aromatyczna yerba mate, która łączy w sobie słodkie i kwaskowate nuty. Doskonale pobudza. W jej skład wchodzą: truskawka, płatki róży, mięta, trawa cytrynowa oraz naturalne aromaty owoców jagodowych.",www.poyerbani.pl/pol_pl_Yaguar-Frutas-Bayas-50g-7887_2.png,4.99,Yaguar
Yaguar Frutas del Huerto 0.5kg,Yaguar Frutas del Huerto to prawdziwa gratka dla wielbicieli połączenia goryczkowej yerba mate ze słodkimi dodatkami. Tym razem są to słodkie owoce z sadu.,www.poyerbani.pl/pol_pl_Yaguar-Frutas-del-Huerto-0-5kg-7231_4.webp,24.90,Yaguar
Yaguar Frutas del Huerto 50g,Yaguar Frutas del Huerto to prawdziwa gratka dla wielbicieli połączenia goryczkowej yerba mate ze słodkimi dodatkami. Tym razem są to słodkie owoce z sadu.,www.poyerbani.pl/pol_pl_Yaguar-Frutas-del-Huerto-50g-7255_4.png,4.99,Yaguar
Yaguar Frutas Dulces 0.5kg,Yaguar Frutas Dulces to doskonałe połączenie goryczkowej yerba mate ze słodkimi owocami. Wyważony smak przypadnie do gustu wielbicielom nowych smaków!,www.poyerbani.pl/pol_pl_Yaguar-Frutas-Dulces-0-5kg-7258_4.webp,24.90,Yaguar
Yaguar Frutas Dulces 50g,Yaguar Frutas Dulces to doskonałe połączenie goryczkowej yerba mate ze słodkimi owocami. Wyważony smak przypadnie do gustu wielbicielom nowych smaków!,www.poyerbani.pl/pol_pl_Yaguar-Frutas-Dulces-50g-7259_4.png,4.99,Yaguar
Yaguar Hierbas Pampeanas 0.5kg,"Yaguar Hierbas Pampeanas to brazylijska yerba mate wzbogacona kompleksem ziół, dzięki czemu zyskuje bogaty i wielowymiarowy smak.",www.poyerbani.pl/pol_pl_Yaguar-Hierbas-Pampeanas-0-5kg-7018_5.webp,24.90,Yaguar
Yaguar Kiwi ,"Yaguar Kiwi 500 g to yerba mate o smaku kiwi. Świeży, delikatnie kwaskowy owoc stanowi dominujący element miksu. Całości towarzyszy jednak również szereg innych naturalnych dodatków, w tym: trawę cytrynową, głóg oraz płatki bławatka.",www.poyerbani.pl/pol_pl_Yaguar-Kiwi-0-5-kg-9007_5.webp,24.90,Yaguar
Yaguar Kiwi 50 g,"Yaguar Kiwi 50 g to yerba mate o smaku kiwi. Świeży, delikatnie kwaskowy owoc stanowi dominujący element miksu. Całości towarzyszy jednak również szereg innych naturalnych dodatków, w tym: trawę cytrynową, głóg oraz płatki bławatka.",www.poyerbani.pl/pol_pl_Yaguar-Kiwi-50-g-9009_1.png,4.99,Yaguar
Yaguar Limon 0.5kg,Yaguar Limon to bardzo orzeźwiająca propozycja. Ostrokrzew paragwajski i jego charakterystycznie goryczkowy smak świetnie komponuje się z orzeźwiającą nutą cytryny.,www.poyerbani.pl/pol_pl_Yaguar-Limon-0-5kg-5911_4.webp,24.90,Yaguar
Yaguar Limon 50g,Yaguar Limon to bardzo orzeźwiająca propozycja. Ostrokrzew paragwajski i jego charakterystycznie goryczkowy smak świetnie komponuje się z orzeźwiającą nutą cytryny.,www.poyerbani.pl/pol_pl_Yaguar-Limon-50g-5897_4.png,4.99,Yaguar
Yaguar Mango Tango 0.5kg,"Yaguar Mango Tango 0,5 kg 500 g to przebojowa yerba mate z owocowymi dodatkami w doskonałych proporcjach. Główną rolę odgrywa tu tropikalna słodycz mango doskonale harmonizująca się z goryczkowymi i kwaskowymi nutami skórki pomarańczy. ",www.poyerbani.pl/pol_pl_Yaguar-Mango-Tango-0-5kg-8771_1.png,24.90,Yaguar
Yaguar Mango Tango 50g,Yaguar Mango Tango 50 g to przebojowa yerba mate z owocowymi dodatkami w doskonałych proporcjach. Główną rolę odgrywa tu tropikalna słodycz mango doskonale harmonizująca się z goryczkowymi i kwaskowymi nutami skórki pomarańczy. ,www.poyerbani.pl/pol_pl_Yaguar-Mango-Tango-50g-8774_1.png,4.99,Yaguar
Yaguar Maracuya 0.5kg,"Yaguar Maracuya to produkt, który przeniesie Cię do ciepłego, tropikalnego kraju. Delikatnie kwaskowaty posmak marakui nadaje yerba mate nowego wymiaru!",www.poyerbani.pl/pol_pl_Yaguar-Maracuya-0-5kg-5916_4.webp,24.90,Yaguar
Yaguar Maracuya 50g,"Yaguar Maracuya to produkt, który przeniesie Cię do ciepłego, tropikalnego kraju. Delikatnie kwaskowaty posmak marakui nadaje yerba mate nowego wymiaru!",www.poyerbani.pl/pol_pl_Yaguar-Maracuya-50g-5898_1.png,4.99,Yaguar
Yaguar Menta Limon 0.5kg,Yaguar Menta Limon to pyszne połączenie długo sezonowanej yerba mate z miętą i cytryną - te orzeźwiające smaki idealnie uzupełniają goryczkę ostrokrzewu paragwajskiego.,www.poyerbani.pl/pol_pl_Yaguar-Menta-Limon-0-5kg-5913_4.webp,24.90,Yaguar
Yaguar Menta Limon 50g,Yaguar Menta Limon to pyszne połączenie długo sezonowanej yerba mate z miętą i cytryną - te orzeźwiające smaki idealnie uzupełniają goryczkę ostrokrzewu paragwajskiego.,www.poyerbani.pl/pol_pl_Yaguar-Menta-Limon-50g-5899_4.png,4.99,Yaguar
Yaguar Naranja 0.5kg,"Yaguar Naranja to propozycja idealna dla każdego, kto lubi połączenie goryczki ostrokrzewu paragwajskiego z delikatnie orzeźwiającą nutą pomarańczy.",www.poyerbani.pl/pol_pl_Yaguar-Naranja-0-5kg-5912_4.webp,24.90,Yaguar
Yaguar Naranja 50g,"Yaguar Naranja to propozycja idealna dla każdego, kto lubi połączenie goryczki ostrokrzewu paragwajskiego z delikatnie orzeźwiającą nutą pomarańczy.",www.poyerbani.pl/pol_pl_Yaguar-Naranja-50g-5900_4.png,4.99,Yaguar
Yaguar Naranja Earl Grey 0.5kg,Yaguar Naranja Earl Grey to bardzo oryginalne i rzadko spotykane połączenie składników. Otulające nuty pomarańczy doskonale uzupełniają goryczkę ostrokrzewu paragwajskiego.,www.poyerbani.pl/pol_pl_Yaguar-Naranja-Earl-Grey-0-5kg-7229_4.webp,24.90,Yaguar
Yaguar Naranja Earl Grey 50g,Yaguar Naranja Earl Grey to bardzo oryginalne i rzadko spotykane połączenie składników. Otulające nuty pomarańczy doskonale uzupełniają goryczkę ostrokrzewu paragwajskiego.,www.poyerbani.pl/pol_pl_Yaguar-Naranja-Earl-Grey-50g-7254_4.png,4.99,Yaguar
Yaguar Papaya 0.5kg,"Yaguar Papaya to niesamowicie owocowa kompozycja, która każdego nastroi pozytywnie! Słodko-kwaśne nuty papai świetnie łączą się z goryczką yerba mate.",www.poyerbani.pl/pol_pl_Yaguar-Papaya-0-5kg-7232_5.webp,24.90,Yaguar
Yaguar Papaya 50g,Yaguar Papaya to doskonałe połączenie goryczkowej yerba mate ze słodkimi owocami. Wyważony smak przypadnie do gustu wielbicielom nowych smaków!,www.poyerbani.pl/pol_pl_Yaguar-Papaya-50g-7256_4.png,4.99,Yaguar
Yaguar Pera 0.5kg,"Yaguar Pera to doskonała kompozycja smakowa, łącząca w sobie głęboką goryczkę yerba mate i słodkawy posmak gruszki. Ciekawe doznania gwarantowane!",www.poyerbani.pl/pol_pl_Yaguar-Pera-0-5kg-5917_4.webp,24.90,Yaguar
Yaguar Pera 50g,"Yaguar Pera to doskonała kompozycja smakowa, łącząca w sobie głęboką goryczkę yerba mate i słodkawy posmak gruszki. Ciekawe doznania gwarantowane!",www.poyerbani.pl/pol_pl_Yaguar-Pera-50g-5901_4.png,4.99,Yaguar
Yaguar Pomelo 0.5kg,Yaguar Pomelo to połączenie goryczkowej yerba mate z cytrusowymi aromatami. Orzeźwienie w doskonałym wydaniu!,www.poyerbani.pl/pol_pl_Yaguar-Pomelo-0-5kg-5915_4.webp,24.90,Yaguar
Yaguar Pomelo 50g,Yaguar Pomelo to połączenie goryczkowej yerba mate z cytrusowymi aromatami. Orzeźwienie w doskonałym wydaniu!,www.poyerbani.pl/pol_pl_Yaguar-Pomelo-50g-5902_4.png,4.99,Yaguar
Yaguar Rosada 0.5kg,"Yaguar Rosada 500 g 0,5 kg to aromatyczna i pełna smaku kompozycja yerba mate o smaku róży. Słodkawe aromaty przeplatają się z goryczką - niesamowite doznania gwarantowane!",www.poyerbani.pl/pol_pl_Yaguar-Rosada-0-5kg-7995_4.webp,24.90,Yaguar
Yaguar Rosada 50g,Yaguar Rosada 50 g to aromatyczna i pełna smaku kompozycja. Słodkawe aromaty różane przeplatają się z goryczką - niesamowite doznania gwarantowane!,www.poyerbani.pl/pol_pl_Yaguar-Rosada-50g-7996_4.png,4.99,Yaguar
Yaguar Sangria,"Inspiracją do stworzenia yerba mate Yaguar Sangria był tradycyjny hiszpański poncz, łączący smak wina i owoców - słodki i mocno orzeźwiający, doskonały w upalne, letnie wieczory.",www.poyerbani.pl/pol_pl_Yaguar-Sangria-0-5-kg-9686_2.webp,24.90,Yaguar
Yaguar Wild Berries,"Yaguar Wild Berries 500 g 0,5 kg to doskonała propozycja dla wszystkich miłośników łagodnych yerba mate z owocami. Przebogata kompozycja bazuje w głównej mierze na dodatku owocu truskawki.",www.poyerbani.pl/pol_pl_Yaguar-Wild-Berries-0-5kg-8682_5.webp,24.90,Yaguar
Yaguar Wild Berries 50g,Yaguar Wild Berries 50 g to doskonała propozycja dla wszystkich miłośników łagodnych yerba mate z owocami. Przebogata kompozycja bazuje w głównej mierze na dodatku owocu truskawki.,www.poyerbani.pl/pol_pl_Yaguar-Wild-Berries-50g-8683_1.png,4.99,Yaguar
Yerba Verde Mate Green Ananas 50g,"Verde Mate Green Ananas 50 g to owocowa yerba mate z ananasem i trawą cytrynową. Doskonale pobudza i orzeźwia. Jest świetna zarówno w ciepłej formie, jak i na zimno. ",www.poyerbani.pl/pol_pl_Yerba-Verde-Mate-Green-Ananas-50g-8787_1.png,4.99,Verde Mate
Yerba Verde Mate Green Cactus 50g,"Verde Mate Cactus de Juarez to propozycja, dzięki której poczujesz się jak w kolorowym, egzotycznym kraju!",www.poyerbani.pl/pol_pl_Yerba-Verde-Mate-Green-Cactus-50g-4229_5.png,4.99,Verde Mate
Yerba Verde Mate Green Frutos Tropicales 50g,"Verde Mate Frutos Tropicales to niesamowicie aromatyczna, owocowa mieszanka yerba mate, dzięki której w mig przeniesiesz się na egzotyczną wyspę!",www.poyerbani.pl/pol_pl_Yerba-Verde-Mate-Green-Frutos-Tropicales-50g-4224_4.png,4.99,Verde Mate
Yerba Verde Mate Green La Potente 50g,Verde Mate La Potente to jedna z najbardziej oryginalnych kompozycji w rodzinie produktów cenionej brazylijskiej marki. Tym razem soczyście zielona yerba mate występuje w roli naturalnego afrodyzjaku. Spróbuj!,www.poyerbani.pl/pol_pl_Yerba-Verde-Mate-Green-La-Potente-50g-6454_4.png,4.99,Verde Mate
Yerba Verde Mate Green Melón de Agua 50g,"Verde Mate Green Melón de Agua to pyszne i aromatyczne połączenie, przywodzące na myśl soczysty arbuz! ",www.poyerbani.pl/pol_pl_Yerba-Verde-Mate-Green-Melon-de-Agua-50g-7927_4.png,4.99,Verde Mate
Yerba Verde Mate Green Pomelo De Oriente 50g,Verde Mate Green Pomelo de Oriente 50 g to zielona brazylijska yerba mate z dodatkiem owocu pomelo. Zapewnia doskonały efekt pobudzenia w subtelnej oprawie smakowej bez nuty goryczy.,www.poyerbani.pl/pol_pl_Yerba-Verde-Mate-Green-Pomelo-De-Oriente-50g-4151_4.png,4.99,Verde Mate
Yerba Verde Mate Green Summertime 50g,"Verde Mate Green Summertime 50 g to specjalna, limitowana na wakacyjny sezon wariacja popularnej brazylijskiej yerba mate. Kompozycja z miętą, skórką pomarańczy i olejkiem mandarynkowym doskonale pobudza. Będzie pyszna na zimno i na ciepło.",www.poyerbani.pl/pol_pl_Yerba-Verde-Mate-Green-Summertime-50g-8769_1.png,4.99,Verde Mate
Yerba Verde Mate Green Verano 50g,Verde Mate Green Verano 50 g to wariacja popularnej yerba mate znanego brazylijskiego plantatora. Zielona yerba mate o dużej zawartości kofeiny i łagodnych walorach smakowych została wzbogacona o aromatyczne naturalne dodatki.,www.poyerbani.pl/pol_pl_Yerba-Verde-Mate-Green-Verano-50g-8784_1.png,4.99,Verde Mate
Yerbera – Puszka z Guarani Ashwagandha Cactus ,"Dzięki dodatkowi ashwagandhy i żeń-szenia Guarani Ashwagandha Cactus pobudza, jak na paragwajską yerba mate przystało, ale robi to w sposób zrównoważony i stonowany.",www.poyerbani.pl/pol_pl_Yerbera-Puszka-z-Guarani-Ashwagandha-Cactus-0-5-kg-9764_15.png,49.99,Guarani
Yerbera – Puszka z Guarani Cocoa ,Guarani Cocoa to obowiązkowa propozycja dla fanów kokosów i czekolady - czuć je wyraźnie już przy pierwszym otworzeniu opakowania yerba mate!,www.poyerbani.pl/pol_pl_Yerbera-Puszka-z-Guarani-Cocoa-0-5-kg-9756_14.png,49.99,Guarani
Yerbera – Puszka z Guarani Eucalypto ,"Guarani Eucalypto to mocno odświeżające, przyjemne połączenie paragwajskiej yerba mate i eukaliptusa.",www.poyerbani.pl/pol_pl_Yerbera-Puszka-z-Guarani-Eucalypto-0-5-kg-9760_13.png,49.99,Guarani
Yerbera – Puszka z Guarani Exotic Rain ,"Guarani Exotic Rain to tropikalna propozycja smakowa paragwajskiej marki yerba mate – bogaty miks ostrokrzewu paragwajskiego i owocowych dodatków. Prezentuje się nieziemsko, a po zaparzeniu dosłownie przenosi na tropikalną wyspę!",www.poyerbani.pl/pol_pl_Yerbera-Puszka-z-Guarani-Exotic-Rain-0-5-kg-10534_1.png,49.99,Guarani
Yerbera – Puszka z Guarani Forest Berries ,"Guarani Forest Berries to zaskakująca kompozycja paragwajskiej yerba mate. Za sprawą dodatku owoców jagodowych charakterystyczny, cierpki smak yerba mate płynnie przechodzi w przyjemnie owocową słodycz.",www.poyerbani.pl/pol_pl_Yerbera-Puszka-z-Guarani-Forest-Berries-0-5-kg-11102_1.webp,49.99,Guarani
Yerbera – Puszka z Guarani Fresco ,"Guarani Fresco - jak sama nazwa wskazuje, jest to bardzo świeże, oryginalne połączenie paragwajskiej, suszonej dymem yerba mate i aromatycznych, mocno orzeźwiających ziół.",www.poyerbani.pl/pol_pl_Yerbera-Puszka-z-Guarani-Fresco-0-5-kg-9855_9.png,49.99,Guarani
Yerbera – Puszka z Guarani Maracuya ,"Guarani Maracuya to propozycja dla miłośników smakowej yerba mate. Dymne aromaty przeplatają się z egzotycznym posmakiem, co daje bardzo interesującą fuzję!",www.poyerbani.pl/pol_pl_Yerbera-Puszka-z-Guarani-Maracuya-0-5kg-7492_4.png,49.99,Guarani
Yerbera – Puszka z Guarani Mas Inteligente ,"Guarani Mas Inteligente to dopracowana kompozycja yerba mate, dedykowana szczególnie osobom narażonym na wytężony wysiłek umysłowy. W jej składzie znajduje się m.in. guarana, która stanowi dodatkową porcję kofeiny.",www.poyerbani.pl/pol_pl_Yerbera-Puszka-z-Guarani-Mas-Inteligente-0-5-kg-10535_1.png,49.99,Guarani
Yerbera – Puszka z Guarani Menta Limon ,"Guarani Menta Limon to nawiązująca do tradycji, mocno orzeźwiająca yerba mate. Głęboki smak przeplata się z interesującym aromatem mięty i cytryny.",www.poyerbani.pl/pol_pl_Yerbera-Puszka-z-Guarani-Menta-Limon-0-5kg-7494_4.png,49.99,Guarani
Yerbera – Puszka z Guarani Naranja ,"Guarani Naranja to doskonałe połączenie pylastej, mocnej yerba mate z orzeźwiającą pomarańczą.",www.poyerbani.pl/pol_pl_Yerbera-Puszka-z-Guarani-Naranja-0-5kg-7556_6.png,49.99,Guarani
Yerbera – Puszka z Guarani Wild Jungle ,"Guarani Wild Jungle to bogate połączenie paragwajskiej yerba mate i zaskakujących, owocowo-ziołowych dodatków.",www.poyerbani.pl/pol_pl_Yerbera-Puszka-z-Guarani-Wild-Jungle-0-5-kg-9851_14.png,49.99,Guarani
Yerbera – Puszka z Verde Mate Cactus de Juarez ,"Verde Mate Cactus de Juarez 500 g 0,5 kg to kaktusowa yerba mate, dzięki której poczujesz się jak w kolorowym, egzotycznym kraju!",www.poyerbani.pl/pol_pl_Yerbera-Puszka-z-Verde-Mate-Cactus-de-Juarez-0-5kg-7466_2.png,49.99,Verde Mate
Yerbera – Puszka z Verde Mate Frutos del Bosque ,Verde Mate Frutos del Bosque to połączenie aromatycznej yerba mate ze słodkawymi i kwaskowatymi owocami z europejskich lasów. Spróbuj koniecznie!,www.poyerbani.pl/pol_pl_Yerbera-Puszka-z-Verde-Mate-Frutos-del-Bosque-0-5kg-7471_2.png,49.99,Verde Mate
Yerbera – Puszka z Verde Mate Green Ananas ,"Verde Mate Green Ananas 0,5 kg 500 g w puszce to owocowa yerba mate z ananasem i trawą cytrynową. Doskonale pobudza i orzeźwia. Jest świetna zarówno w ciepłej formie, jak i na zimno. ",www.poyerbani.pl/pol_pl_Yerbera-Puszka-z-Verde-Mate-Green-Ananas-0-5kg-8786_2.png,49.99,Verde Mate
Yerbera – Puszka z Verde Mate Green Carmella - Tostada,"Verde Mate Green Carmella Tostada 500 g 0,5 kg w puszce to jedyna w swoim rodzaju karmelowa yerba mate cenionego brazylijskiego plantatora. Bazuje na prażonym suszu ostrokrzewu z dodatkiem chipsów kokosowych i naturalnego aromatu karmelu. ",www.poyerbani.pl/pol_pl_Yerbera-Puszka-z-Verde-Mate-Green-Carmella-Tostada-0-5kg-8704_2.png,49.99,Verde Mate
Yerbera – Puszka z Verde Mate Green Dragon ,"Verde Mate Green Dragon 0,5 kg 500 g w puszce to soczyście zielona brazylijska yerba mate o smaku egzotycznej pitai. Kompozycja bazuje na najwyższej jakości ostrokrzewie paragwajskim bez patyczków oraz przebogatej palecie naturalnych dodatków. ",www.poyerbani.pl/pol_pl_Yerbera-Puszka-z-Verde-Mate-Green-Dragon-0-5kg-8681_2.png,49.99,Verde Mate
Yerbera – Puszka z Verde Mate Green Dulcessa - Tostada,"Verde Mate Green Dulcessa to pozycja obowiązkowa dla wszystkich łasuchów i miłośników czekolady. W składzie tej wariacji znajdziemy duże płatki aż trzech rodzajów czekolady: białej, mlecznej i gorzkiej. Wtórują im duże chipsy kokosowe i płatki migdałów.",www.poyerbani.pl/pol_pl_Yerbera-Puszka-z-Verde-Mate-Green-Dulcessa-Tostada-0-5-kg-10320_2.webp,34.99,Verde Mate
Yerbera – Puszka z Verde Mate Green Fresa ,"Verde Mate Green Fresa to prawdziwie rewolucyjny produkt, jeśli chodzi o smakowe yerba mate! Truskawkowy smak i aromat to coś, czemu chyba żaden mateista się nie oprze!",www.poyerbani.pl/pol_pl_Yerbera-Puszka-z-Verde-Mate-Green-Fresa-0-5kg-7576_2.png,49.99,Verde Mate
Yerbera – Puszka z Verde Mate Green Frutos Tropicales ,"Verde Mate Frutos Tropicales to niesamowicie aromatyczna, owocowa mieszanka yerba mate, dzięki której w mig przeniesiesz się na egzotyczną wyspę!",www.poyerbani.pl/pol_pl_Yerbera-Puszka-z-Verde-Mate-Green-Frutos-Tropicales-0-5kg-7475_3.png,49.99,Verde Mate
Yerbera – Puszka z Verde Mate Green Fuerte ,"Verde Mate Green Fuerte w puszce to jedna z najbardziej zróżnicowanych i najbogatszych w naturalne dodatki yerba mate. Składa się z zielonej yerba mate bez patyczków. Pozostałe składniki to wyważony miks owoców, ziół i naturalnych aromatów. ",www.poyerbani.pl/pol_pl_Yerbera-Puszka-z-Verde-Mate-Green-Fuerte-0-5kg-8538_2.png,49.99,Verde Mate
Yerbera – Puszka z Verde Mate Green Hangover,"Verde Mate Green Hangover to odpowiedź na ciężkie poranki. Będziesz zachwycony doskonale dobranym połączeniem brazylijskiej yerba mate i naturalnych dodatków. Znajdziesz tu m.in. guaranę, acerolę, jagody goji i zioła.",www.poyerbani.pl/pol_pl_Yerbera-Puszka-z-Verde-Mate-Green-Hangover-0-5-kg-10323_2.webp,49.99,Verde Mate
Yerbera – Puszka z Verde Mate Green Limon ,Verde Mate Green Limon to orzeźwiająca i mocno cytrusowa yerba mate idealna na każdą porę roku. Doskonale sprawdzi się także jako terere!,www.poyerbani.pl/pol_pl_Yerbera-Puszka-z-Verde-Mate-Green-Limon-0-5kg-7472_2.png,49.99,Verde Mate
Yerbera – Puszka z Verde Mate Green Melón de Agua ,"Verde Mate Green Melón de Agua to pyszne i aromatyczne połączenie, przywodzące na myśl soczysty arbuz! ",www.poyerbani.pl/pol_pl_Yerbera-Puszka-z-Verde-Mate-Green-Melon-de-Agua-0-5kg-7926_2.png,49.99,Verde Mate
Yerbera – Puszka z Verde Mate Green Naranja Tropico ,"Verde Mate Green Naranja Tropico to produkt, który w mig przeniesie Cię do pełnej egzotyki Brazylii. Poczuj tę moc!",www.poyerbani.pl/pol_pl_Yerbera-Puszka-z-Verde-Mate-Green-Naranja-Tropico-0-5kg-7476_2.png,49.99,Verde Mate
Yerbera – Puszka z Verde Mate Green Pomelo De Oriente ,"Verde Mate Pomelo De Oriente to niesamowicie aromatyczna propozycja, która w mig pobudzi.",www.poyerbani.pl/pol_pl_Yerbera-Puszka-z-Verde-Mate-Green-Pomelo-De-Oriente-0-5kg-7477_2.png,49.99,Verde Mate
Yerbera – Puszka z Verde Mate Green Raspberry Vitality ,"Verde Mate Green Raspberry Vitality to idealna propozycja na jesienno-zimową porę. Zielona yerba mate połączona została z dużą dawką pełnych słońca owoców, które dodają energii i witalności w chłodniejszy czas.",www.poyerbani.pl/pol_pl_Yerbera-Puszka-z-Verde-Mate-Green-Raspberry-Vitality-0-5-kg-10149_2.webp,49.99,Verde Mate
Yerbera – Puszka z Verde Mate Green Summertime ,"Verde Mate Green Summertime 500 g 0,5 kg w puszce to limitowana na wakacyjny sezon wariacja popularnej brazylijskiej yerba mate. Kompozycja z miętą, skórką pomarańczy i olejkiem mandarynkowym doskonale pobudza. Będzie pyszna na zimno i na ciepło.",www.poyerbani.pl/pol_pl_Yerbera-Puszka-z-Verde-Mate-Green-Summertime-0-5kg-8768_2.png,49.99,Verde Mate
Yerbera – Puszka z Verde Mate Green Terere ,"Verde Mate Green Tereré to znakomita, orzeźwiająca propozycja. Dodatek owoców świetnie kontrastuje z goryczką yerba mate i sprawia, że masz ochotę na kolejny łyk!",www.poyerbani.pl/pol_pl_Yerbera-Puszka-z-Verde-Mate-Green-Terere-0-5kg-7478_2.png,49.99,Verde Mate
Yerbera – Puszka z Verde Mate Green Verano ,Verde Mate Green Verano 500 g 0.5 kg w puszce to wariacja popularnej yerba mate znanego brazylijskiego plantatora. Zielona yerba mate o dużej zawartości kofeiny i łagodnych walorach smakowych została wzbogacona o aromatyczne naturalne dodatki.,www.poyerbani.pl/pol_pl_Yerbera-Puszka-z-Verde-Mate-Green-Verano-0-5kg-8782_3.png,49.99,Verde Mate
Yerbera – Puszka z Verde Mate Green Very Strawberry ,"Verde Mate Green Very Strawberry 500 g 0.5 kg w puszce to owocowa yerba mate z Brazylii w doskonałej fuzji z aromatycznym i subtelnie słodkim owocem truskawki, trawą cytrynową oraz płatkami róży.",www.poyerbani.pl/pol_pl_Yerbera-Puszka-z-Verde-Mate-Green-Very-Strawberry-0-5kg-8943_9.png,49.99,Verde Mate
Yerbera – Puszka z Verde Mate Mas IQ ,Verde Mate Mas IQ to kompozycja ostrokrzewu paragwajskiego i składników nadających jej delikatnie owocowy smak. Nie brakuje w niej także pożytecznych dodatków! Warto spróbować!,www.poyerbani.pl/pol_pl_Yerbera-Puszka-z-Verde-Mate-Mas-IQ-0-5kg-7465_3.png,49.99,Verde Mate
Yerbera – Puszka z Verde Mate Mas IQ Tropical ,"Verde Mate Green Más IQ Tropical to zupełnie nowa odsłona popularnej mieszanki Verde Mate Green Más IQ. Zmysłowe połączenie yerba mate, ziół i owoców uzupełnione podwójną porcją słodkiego ananasa i orzeźwiającą skórką cytryny i tropikalną papają. ",www.poyerbani.pl/pol_pl_Yerbera-Puszka-z-Verde-Mate-Mas-IQ-Tropical-0-5kg-9600_10.png,49.99,Verde Mate
Yerbera – Puszka z Verde Mate Pina Colada ,"Verde Mate Green Piña Colada zajmuje zaszczytne miejsce wśród mieszanek Verde Mate inspirowanych alkoholami. Tym razem inspiracją stał się słynny słodki, owocowo-alkoholowy koktajl, pochodzący z gorących karaibów. ",www.poyerbani.pl/pol_pl_Yerbera-Puszka-z-Verde-Mate-Pina-Colada-0-5-kg-9691_14.png,49.99,Verde Mate
Yerbera – Puszka z Yaguar Amore – brazylijska yerba mate z owocami i ziołami  ,"Yaguar Amore 500 g w puszce łączy w sobie walory tradycyjnej yerba mate z ziołowo-owocowymi dodatkami naturalnego pochodzenia. Całość tworzy jedyny w swoim rodzaju miks, który zapewni doskonały efekt pobudzenia i wspaniałe wrażenia smakowe.",www.poyerbani.pl/pol_pl_Yerbera-Puszka-z-Yaguar-Amore-0-5kg-brazylijska-yerba-mate-z-owocami-i-ziolami-9275_5.png,49.99,Yaguar
Yerbera – Puszka z Yaguar Coconut ,"Jeśli jesteś fanem kokosów, to koniecznie musisz spróbować Yaguara Coconut! Smak i zapach idealnie oddają nazwę tej mieszanki. Przyjemny aromat kokosa wyczuwalny jest już przy pierwszym otwarciu paczki.",www.poyerbani.pl/pol_pl_Yerbera-Puszka-z-Yaguar-Coconut-0-5-kg-9752_12.png,49.99,Yaguar
Yerbera – Puszka z Yaguar Frutas Bayas,"Niesamowicie aromatyczna yerba mate, która łączy w sobie słodkie i kwaskowate nuty. Doskonale pobudza. W skład yerba mate wchodzą: truskawka, płatki róży, mięta, trawa cytrynowa, naturalne aromaty owoców jagodowych. Gorąco polecamy!",www.poyerbani.pl/pol_pl_Yerbera-Puszka-z-Yaguar-Frutas-Bayas-0-5-kg-7894_2.png,49.99,Yaguar
Yerbera – Puszka z Yaguar Frutas del Huerto,Yaguar Frutas del Huerto to prawdziwa gratka dla wielbicieli połączenia goryczkowej yerba mate ze słodkimi dodatkami. Tym razem są to słodkie owoce z sadu.,www.poyerbani.pl/pol_pl_Yerbera-Puszka-z-Yaguar-Frutas-del-Huerto-0-5-kg-7433_2.png,49.90,Yaguar
Yerbera – Puszka z Yaguar Frutas Dulces,Yaguar Frutas Dulces to doskonałe połączenie goryczkowej yerba mate ze słodkimi owocami. Wyważony smak przypadnie do gustu wielbicielom nowych smaków!,www.poyerbani.pl/pol_pl_Yerbera-Puszka-z-Yaguar-Frutas-Dulces-0-5-kg-7436_5.png,49.99,Yaguar
Yerbera – Puszka z Yaguar Kiwi ,"Yaguar Kiwi 500 g w puszce to yerba mate o smaku kiwi. Świeży, delikatnie kwaskowy owoc stanowi dominujący element miksu. Całości towarzyszy jednak również szereg innych naturalnych dodatków, w tym: trawę cytrynową, głóg oraz płatki bławatka.",www.poyerbani.pl/pol_pl_Yerbera-Puszka-z-Yaguar-Kiwi-0-5-kg-9008_1.png,49.99,Yaguar
Yerbera – Puszka z Yaguar Limon,Yaguar Limon to bardzo orzeźwiająca propozycja. Ostrokrzew paragwajski i jego charakterystycznie goryczkowy smak świetnie komponuje się z orzeźwiającą nutą cytryny.,www.poyerbani.pl/pol_pl_Yerbera-Puszka-z-Yaguar-Limon-0-5-kg-7435_2.png,49.99,Yaguar
Yerbera – Puszka z Yaguar Maracuya,"Yaguar Maracuya to produkt, który przeniesie Cię do ciepłego, tropikalnego kraju. Delikatnie kwaskowaty posmak marakui nadaje yerba mate nowego wymiaru!",www.poyerbani.pl/pol_pl_Yerbera-Puszka-z-Yaguar-Maracuya-0-5-kg-7448_2.png,49.99,Yaguar
Yerbera – Puszka z Yaguar Menta Limon,Yaguar Menta Limon to pyszne połączenie długo sezonowanej yerba mate z miętą i cytryną - te orzeźwiające smaki idealnie uzupełniają goryczkę ostrokrzewu paragwajskiego.,www.poyerbani.pl/pol_pl_Yerbera-Puszka-z-Yaguar-Menta-Limon-0-5-kg-7487_2.png,49.99,Yaguar
Yerbera – Puszka z Yaguar Naranja,"Yaguar Naranja to propozycja idealna dla każdego, kto lubi połączenie goryczki ostrokrzewu paragwajskiego z delikatnie orzeźwiającą nutą pomarańczy. ",www.poyerbani.pl/pol_pl_Yerbera-Puszka-z-Yaguar-Naranja-0-5-kg-7442_2.png,49.99,Yaguar
Yerbera – Puszka z Yaguar Naranja Earl Grey,Yaguar Naranja Earl Grey to bardzo oryginalne i rzadko spotykane połączenie składników. Otulające nuty pomarańczy doskonale uzupełniają goryczkę ostrokrzewu paragwajskiego. ,www.poyerbani.pl/pol_pl_Yerbera-Puszka-z-Yaguar-Naranja-Earl-Grey-0-5-kg-7443_2.png,49.99,Yaguar
Yerbera – Puszka z Yaguar Papaya,"Yaguar Papaya to niesamowicie owocowa kompozycja, która każdego nastroi pozytywnie! Słodko-kwaśne nuty papai świetnie łączą się z goryczką yerba mate.",www.poyerbani.pl/pol_pl_Yerbera-Puszka-z-Yaguar-Papaya-0-5-kg-7447_2.png,49.99,Yaguar
Yerbera – Puszka z Yaguar Pera,"Yaguar Pera to doskonała kompozycja smakowa, łącząca w sobie głęboką goryczkę yerba mate i słodkawy posmak gruszki. Ciekawe doznania gwarantowane!",www.poyerbani.pl/pol_pl_Yerbera-Puszka-z-Yaguar-Pera-0-5kg-7486_6.png,49.99,Yaguar
